{"Milano, IT : Lombardy":{"dt":1653042091139,"data":{"dates":["15/5/2022","16/5/2022","17/5/2022","18/5/2022","19/5/2022","20/5/2022","21/5/2022","22/5/2022","23/5/2022","24/5/2022","25/5/2022","26/5/2022","27/5/2022"],"rain_total_mm":[0,0,0,0,0,0,0,0,4.14,2.38,2.97,3.52,2.33]}},"Assago, IT : Lombardy":{"dt":1653042092655,"data":{"dates":["15/5/2022","16/5/2022","17/5/2022","18/5/2022","19/5/2022","20/5/2022","21/5/2022","22/5/2022","23/5/2022","24/5/2022","25/5/2022","26/5/2022","27/5/2022"],"rain_total_mm":[0,0,0,0,0,0,0,0,3.63,2.05,2.59,2.57,2.22]}},"Miami, US : Florida":{"dt":1653042102329,"data":{"dates":["15/5/2022","16/5/2022","17/5/2022","18/5/2022","19/5/2022","20/5/2022","21/5/2022","22/5/2022","23/5/2022","24/5/2022","25/5/2022","26/5/2022","27/5/2022"],"rain_total_mm":[0,0,0,0,0,23.59,9.21,1.75,0.15,4.6,6.86,4.54,19.09]}},"Coachella, US : California":{"dt":1653042103790,"data":{"dates":["15/5/2022","16/5/2022","17/5/2022","18/5/2022","19/5/2022","20/5/2022","21/5/2022","22/5/2022","23/5/2022","24/5/2022","25/5/2022","26/5/2022","27/5/2022"],"rain_total_mm":[0,0,0,0,0,0,0,0,0,0,0,0,0]}},"Rozzano, IT : Lombardy":{"dt":1653042096581,"data":{"dates":["15/5/2022","16/5/2022","17/5/2022","18/5/2022","19/5/2022","20/5/2022","21/5/2022","22/5/2022","23/5/2022","24/5/2022","25/5/2022","26/5/2022","27/5/2022"],"rain_total_mm":[0,0,0,0,0,0,0,0,3.51,1.81,2.62,2.5,2.17]}},"Londra, GB : England":{"dt":1653042089537,"data":{"dates":["15/5/2022","16/5/2022","17/5/2022","18/5/2022","19/5/2022","20/5/2022","21/5/2022","22/5/2022","23/5/2022","24/5/2022","25/5/2022","26/5/2022","27/5/2022"],"rain_total_mm":[3.1199999999999997,0,0,0.36,0.27,4.5,0,0.35,2.17,1.2,0.59,0.25,0]}},"New York, US : New York":{"dt":1653042090276,"data":{"dates":["15/5/2022","16/5/2022","17/5/2022","18/5/2022","19/5/2022","20/5/2022","21/5/2022","22/5/2022","23/5/2022","24/5/2022","25/5/2022","26/5/2022","27/5/2022"],"rain_total_mm":[2.37,2.64,3.65,0,17.759999999999998,5.54,0,1.43,0.93,0,0.66,1.79,5.48]}},"Tokyo, JP":{"dt":1653042091873,"data":{"dates":["15/5/2022","16/5/2022","17/5/2022","18/5/2022","19/5/2022","20/5/2022","21/5/2022","22/5/2022","23/5/2022","24/5/2022","25/5/2022","26/5/2022","27/5/2022"],"rain_total_mm":[5.810000000000001,12.72,17.249999999999996,0,0,1.54,1.52,0,2.08,0,0,0,0]}},"Romano Banco, IT : Lombardy":{"dt":1653042093571,"data":{"dates":["15/5/2022","16/5/2022","17/5/2022","18/5/2022","19/5/2022","20/5/2022","21/5/2022","22/5/2022","23/5/2022","24/5/2022","25/5/2022","26/5/2022","27/5/2022"],"rain_total_mm":[0,0,0,0,0,0,0,0,3.72,2.39,2.52,2.66,2.25]}},"Segrate, IT : Lombardy":{"dt":1653042094330,"data":{"dates":["15/5/2022","16/5/2022","17/5/2022","18/5/2022","19/5/2022","20/5/2022","21/5/2022","22/5/2022","23/5/2022","24/5/2022","25/5/2022","26/5/2022","27/5/2022"],"rain_total_mm":[0.15,0,0,0,0,0,0,0,4.35,2.08,3.88,4.61,2.27]}},"Caorle, IT : Veneto":{"dt":1653042095053,"data":{"dates":["15/5/2022","16/5/2022","17/5/2022","18/5/2022","19/5/2022","20/5/2022","21/5/2022","22/5/2022","23/5/2022","24/5/2022","25/5/2022","26/5/2022","27/5/2022"],"rain_total_mm":[0,11.68,0,0,0,0,0,1.26,6.58,0,1.71,0.9,0.59]}},"Venezia, IT : Veneto":{"dt":1653042095816,"data":{"dates":["15/5/2022","16/5/2022","17/5/2022","18/5/2022","19/5/2022","20/5/2022","21/5/2022","22/5/2022","23/5/2022","24/5/2022","25/5/2022","26/5/2022","27/5/2022"],"rain_total_mm":[0,21.37,0.32,5.859999999999999,0,0,0.12,2.22,1.85,0,4.05,0.33,1.59]}},"Pisa, IT : Tuscany":{"dt":1653042097724,"data":{"dates":["15/5/2022","16/5/2022","17/5/2022","18/5/2022","19/5/2022","20/5/2022","21/5/2022","22/5/2022","23/5/2022","24/5/2022","25/5/2022","26/5/2022","27/5/2022"],"rain_total_mm":[0,0,0,1,0,0,0,0,0,0,0,0,0]}},"Cremona, IT : Lombardy":{"dt":1653042098774,"data":{"dates":["15/5/2022","16/5/2022","17/5/2022","18/5/2022","19/5/2022","20/5/2022","21/5/2022","22/5/2022","23/5/2022","24/5/2022","25/5/2022","26/5/2022","27/5/2022"],"rain_total_mm":[0,0,0,0,0,0,0,1.14,2.91,1.01,0.44,3.67,2.37]}},"Gudo Gambaredo, IT : Lombardy":{"dt":1653042099855,"data":{"dates":["15/5/2022","16/5/2022","17/5/2022","18/5/2022","19/5/2022","20/5/2022","21/5/2022","22/5/2022","23/5/2022","24/5/2022","25/5/2022","26/5/2022","27/5/2022"],"rain_total_mm":[0,0,0,0,0,0,0,0,3.47,2.03,2.47,2.3,2.15]}},"Roma, IT : Lazio":{"dt":1653042100874,"data":{"dates":["15/5/2022","16/5/2022","17/5/2022","18/5/2022","19/5/2022","20/5/2022","21/5/2022","22/5/2022","23/5/2022","24/5/2022","25/5/2022","26/5/2022","27/5/2022"],"rain_total_mm":[0,0,0,0,0,0,0,0,0,0,0,0.17,0]}},"Napoli, IT : Campania":{"dt":1653042101499,"data":{"dates":["15/5/2022","16/5/2022","17/5/2022","18/5/2022","19/5/2022","20/5/2022","21/5/2022","22/5/2022","23/5/2022","24/5/2022","25/5/2022","26/5/2022","27/5/2022"],"rain_total_mm":[0,0,0,0,0,0,0,0,0,0,0,0,0]}},"Tampa, US : Florida":{"dt":1653042102999,"data":{"dates":["15/5/2022","16/5/2022","17/5/2022","18/5/2022","19/5/2022","20/5/2022","21/5/2022","22/5/2022","23/5/2022","24/5/2022","25/5/2022","26/5/2022","27/5/2022"],"rain_total_mm":[0,0,0,0,0,16.88,20.27,9.66,2.28,0,0.16,3.89,16.87]}},"Verona, IT : Veneto":{"dt":1653042104410,"data":{"dates":["15/5/2022","16/5/2022","17/5/2022","18/5/2022","19/5/2022","20/5/2022","21/5/2022","22/5/2022","23/5/2022","24/5/2022","25/5/2022","26/5/2022","27/5/2022"],"rain_total_mm":[0,0,0,0,0,0,0,2.07,3.23,2.21,6.29,10.06,2.9]}},"Trieste, IT : Friuli-Venezia Giulia":{"dt":1653042105147,"data":{"dates":["15/5/2022","16/5/2022","17/5/2022","18/5/2022","19/5/2022","20/5/2022","21/5/2022","22/5/2022","23/5/2022","24/5/2022","25/5/2022","26/5/2022","27/5/2022"],"rain_total_mm":[0,6.02,0,0,0,0,0,0.15,1.94,0,1.45,1.59,0.39]}},"Perugia, IT : Umbria":{"dt":1653042105917,"data":{"dates":["15/5/2022","16/5/2022","17/5/2022","18/5/2022","19/5/2022","20/5/2022","21/5/2022","22/5/2022","23/5/2022","24/5/2022","25/5/2022","26/5/2022","27/5/2022"],"rain_total_mm":[0,0,0,0,0,0,0,0,0,0,0,0,0]}},"Firenze, IT : Tuscany":{"dt":1653066554697,"data":{"dates":["15/5/2022","16/5/2022","17/5/2022","18/5/2022","19/5/2022","20/5/2022","21/5/2022","22/5/2022","23/5/2022","24/5/2022","25/5/2022","26/5/2022","27/5/2022"],"rain_total_mm":[0,0,0,0,0,0,0,0,0,0,0,0.12,0]}},"Brescia, IT : Lombardy":{"dt":1653071164299,"data":{"dates":["15/5/2022","16/5/2022","17/5/2022","18/5/2022","19/5/2022","20/5/2022","21/5/2022","22/5/2022","23/5/2022","24/5/2022","25/5/2022","26/5/2022","27/5/2022"],"rain_total_mm":[0,0,0,0,0,0,0,0.26,4.33,8.02,2.65,0,1.45]}}}