{"Londra, GB : England":{"dt":1653318029203,"data":{"dates":["18/5/2022","19/5/2022","20/5/2022","21/5/2022","22/5/2022","23/5/2022","24/5/2022","25/5/2022","26/5/2022","27/5/2022","28/5/2022","29/5/2022","30/5/2022"],"rain_total_mm":[0.36,0.27,5.52,0,0,2.26,4.76,0.44,0,0,0,0,0]}},"Milano, IT : Lombardy":{"dt":1653318027295,"data":{"dates":["18/5/2022","19/5/2022","20/5/2022","21/5/2022","22/5/2022","23/5/2022","24/5/2022","25/5/2022","26/5/2022","27/5/2022","28/5/2022","29/5/2022","30/5/2022"],"rain_total_mm":[0,0,0,0,0.33999999999999997,4.49,8.42,5.51,0.24,0.78,4.25,1.4,0]}},"Assago, IT : Lombardy":{"dt":1653318032350,"data":{"dates":["18/5/2022","19/5/2022","20/5/2022","21/5/2022","22/5/2022","23/5/2022","24/5/2022","25/5/2022","26/5/2022","27/5/2022","28/5/2022","29/5/2022","30/5/2022"],"rain_total_mm":[0,0,0,0,0,4.35,7.08,4.59,0.4,1.13,3.93,1.73,0]}},"Corsico, IT : Lombardy":{"dt":1653318028321,"data":{"dates":["18/5/2022","19/5/2022","20/5/2022","21/5/2022","22/5/2022","23/5/2022","24/5/2022","25/5/2022","26/5/2022","27/5/2022","28/5/2022","29/5/2022","30/5/2022"],"rain_total_mm":[0,0,0,0,0.18,4.61,7.49,4.83,0.24,1,4.03,1.5,0]}},"New York, US : New York":{"dt":1653318030401,"data":{"dates":["18/5/2022","19/5/2022","20/5/2022","21/5/2022","22/5/2022","23/5/2022","24/5/2022","25/5/2022","26/5/2022","27/5/2022","28/5/2022","29/5/2022","30/5/2022"],"rain_total_mm":[0,17.759999999999998,4.23,0,0,0.27,0,0,1.43,2.92,7.55,2.28,11.98]}},"Tokyo, JP":{"dt":1653318031250,"data":{"dates":["19/5/2022","20/5/2022","21/5/2022","22/5/2022","23/5/2022","24/5/2022","25/5/2022","26/5/2022","27/5/2022","28/5/2022","29/5/2022","30/5/2022","31/5/2022"],"rain_total_mm":[0,0,3.8000000000000003,23.130000000000003,0,0,0,0,31.45,0.37,0,0.34,1.81]}}}