{"Milano, IT : Lombardy":{"dt":1653642510869,"data":{"dates":["22/5/2022","23/5/2022","24/5/2022","25/5/2022","26/5/2022","27/5/2022","28/5/2022","29/5/2022","30/5/2022","31/5/2022","1/6/2022","2/6/2022","3/6/2022"],"rain_total_mm":[4.320000000000001,3.5999999999999988,72.72000000000001,8.159999999999998,0,0,18.01,5.21,0,0,0,1.81,5.78]}},"Assago, IT : Lombardy":{"dt":1653644660262,"data":{"dates":["22/5/2022","23/5/2022","24/5/2022","25/5/2022","26/5/2022","27/5/2022","28/5/2022","29/5/2022","30/5/2022","31/5/2022","1/6/2022","2/6/2022","3/6/2022"],"rain_total_mm":[0,17.039999999999996,120.47999999999996,5.04,0,0,14.17,5.07,0,0,0,1.53,4.38]}},"Cusago, IT : Lombardy":{"dt":1653644703874,"data":{"dates":["22/5/2022","23/5/2022","24/5/2022","25/5/2022","26/5/2022","27/5/2022","28/5/2022","29/5/2022","30/5/2022","31/5/2022","1/6/2022","2/6/2022","3/6/2022"],"rain_total_mm":[3.5999999999999988,13.920000000000002,48.24000000000002,2.8800000000000017,0,0,13.57,5.34,0,0,0,1.95,4.34]}}}