{"Londra, GB : England":{"dt":1653556222306,"data":{"dates":["21/5/2022","22/5/2022","23/5/2022","24/5/2022","25/5/2022","26/5/2022","27/5/2022","28/5/2022","29/5/2022","30/5/2022","31/5/2022","1/6/2022","2/6/2022"],"rain_total_mm":[0,0,0.56,4.13,0.18,0,0,0,0.28,1.46,0,0.37,0]}},"Milano, IT : Lombardy":{"dt":1653556220775,"data":{"dates":["21/5/2022","22/5/2022","23/5/2022","24/5/2022","25/5/2022","26/5/2022","27/5/2022","28/5/2022","29/5/2022","30/5/2022","31/5/2022","1/6/2022","2/6/2022"],"rain_total_mm":[0,0.33999999999999997,0.13,2.5,0.3,1.48,2.8,10.72,5.55,0,0.14,0,0]}},"Assago, IT : Lombardy":{"dt":1653556224727,"data":{"dates":["21/5/2022","22/5/2022","23/5/2022","24/5/2022","25/5/2022","26/5/2022","27/5/2022","28/5/2022","29/5/2022","30/5/2022","31/5/2022","1/6/2022","2/6/2022"],"rain_total_mm":[0,0,0.71,5.02,0.21,1.32,2.83,9.5,5.1,0,0.17,0,0]}},"Corsico, IT : Lombardy":{"dt":1653556221597,"data":{"dates":["21/5/2022","22/5/2022","23/5/2022","24/5/2022","25/5/2022","26/5/2022","27/5/2022","28/5/2022","29/5/2022","30/5/2022","31/5/2022","1/6/2022","2/6/2022"],"rain_total_mm":[0,0.18,0.5900000000000001,3.34,0,1.71,2.93,10,5.08,0,0.21,0,0]}},"New York, US : New York":{"dt":1653556223083,"data":{"dates":["21/5/2022","22/5/2022","23/5/2022","24/5/2022","25/5/2022","26/5/2022","27/5/2022","28/5/2022","29/5/2022","30/5/2022","31/5/2022","1/6/2022","2/6/2022"],"rain_total_mm":[0,0,0,0.51,0,0,7.29,3.11,0,0,0,0,0]}},"Tokyo, JP":{"dt":1653556223904,"data":{"dates":["21/5/2022","22/5/2022","23/5/2022","24/5/2022","25/5/2022","26/5/2022","27/5/2022","28/5/2022","29/5/2022","30/5/2022","31/5/2022","1/6/2022","2/6/2022"],"rain_total_mm":[23.130000000000003,0,0,0,0,1,19.38,0.9,0,0.11,11.38,0,0.25]}}}