{"Londra, GB : England":{"dt":1653294552434,"data":{"dates":["18/5/2022","19/5/2022","20/5/2022","21/5/2022","22/5/2022","23/5/2022","24/5/2022","25/5/2022","26/5/2022","27/5/2022","28/5/2022","29/5/2022","30/5/2022"],"rain_total_mm":[8.640000000000002,6.479999999999997,127.44000000000015,0,0,4.48,5.56,0.34,0,0,0,1.71,0.5]}},"Milano, IT : Lombardy":{"dt":1653295667523,"data":{"dates":["18/5/2022","19/5/2022","20/5/2022","21/5/2022","22/5/2022","23/5/2022","24/5/2022","25/5/2022","26/5/2022","27/5/2022","28/5/2022","29/5/2022","30/5/2022"],"rain_total_mm":[0,0,0,0,4.320000000000001,5.33,9.77,7.04,0.28,0.12,1.72,10.6,0]}}}