{"Londra, GB : England":{"dt":1653495353919,"data":{"dates":["20/5/2022","21/5/2022","22/5/2022","23/5/2022","24/5/2022","25/5/2022","26/5/2022","27/5/2022","28/5/2022","29/5/2022","30/5/2022","31/5/2022","1/6/2022"],"rain_total_mm":[5.52,0,0,0.56,4.13,0,0,0.12,0,0,0.83,0,0.25]}},"Milano, IT : Lombardy":{"dt":1653495351986,"data":{"dates":["20/5/2022","21/5/2022","22/5/2022","23/5/2022","24/5/2022","25/5/2022","26/5/2022","27/5/2022","28/5/2022","29/5/2022","30/5/2022","31/5/2022","1/6/2022"],"rain_total_mm":[0,0,0.33999999999999997,0.13,2.5,9.52,2.98,4.51,6.46,3.23,0,0,0]}},"Assago, IT : Lombardy":{"dt":1653495356373,"data":{"dates":["20/5/2022","21/5/2022","22/5/2022","23/5/2022","24/5/2022","25/5/2022","26/5/2022","27/5/2022","28/5/2022","29/5/2022","30/5/2022","31/5/2022","1/6/2022"],"rain_total_mm":[0,0,0,0.71,5.02,9.27,2.56,5.05,6.07,2.45,0,0,0]}},"Corsico, IT : Lombardy":{"dt":1653495352938,"data":{"dates":["20/5/2022","21/5/2022","22/5/2022","23/5/2022","24/5/2022","25/5/2022","26/5/2022","27/5/2022","28/5/2022","29/5/2022","30/5/2022","31/5/2022","1/6/2022"],"rain_total_mm":[0,0,0.18,0.5900000000000001,3.34,9.73,2.85,4.81,5.72,2.53,0,0,0]}},"New York, US : New York":{"dt":1653495354867,"data":{"dates":["20/5/2022","21/5/2022","22/5/2022","23/5/2022","24/5/2022","25/5/2022","26/5/2022","27/5/2022","28/5/2022","29/5/2022","30/5/2022","31/5/2022","1/6/2022"],"rain_total_mm":[4.23,0,0,0,0.51,0,0,6.34,3.85,0.63,0,0,0]}},"Tokyo, JP":{"dt":1653495355630,"data":{"dates":["21/5/2022","22/5/2022","23/5/2022","24/5/2022","25/5/2022","26/5/2022","27/5/2022","28/5/2022","29/5/2022","30/5/2022","31/5/2022","1/6/2022","2/6/2022"],"rain_total_mm":[3.8000000000000003,23.130000000000003,0,0,0,0,31.36,0.28,0,0.57,9.63,0,0]}}}