{"Milano, IT : Lombardy":{"dt":1653122996860,"data":{"dates":["16/5/2022","17/5/2022","18/5/2022","19/5/2022","20/5/2022","20/5/2022","21/5/2022","22/5/2022","23/5/2022","24/5/2022","25/5/2022","26/5/2022","27/5/2022"],"rain_total_mm":[0,0,0,0,0,0,0,0,4.9,1.32,2.24,5.78,0]}},"Assago, IT : Lombardy":{"dt":1653122998794,"data":{"dates":["16/5/2022","17/5/2022","18/5/2022","19/5/2022","20/5/2022","20/5/2022","21/5/2022","22/5/2022","23/5/2022","24/5/2022","25/5/2022","26/5/2022","27/5/2022"],"rain_total_mm":[0,0,0,0,0,0,0,0,3.94,0.98,2.13,5.72,0]}},"Miami, US : Florida":{"dt":1653123012042,"data":{"dates":["16/5/2022","17/5/2022","18/5/2022","19/5/2022","20/5/2022","20/5/2022","21/5/2022","22/5/2022","23/5/2022","24/5/2022","25/5/2022","26/5/2022","27/5/2022"],"rain_total_mm":[0,0,0,0,2.29,26.68,6.02,0.93,0.11,1.5,18.27,27.26,49.11]}},"Coachella, US : California":{"dt":1653123013633,"data":{"dates":["16/5/2022","17/5/2022","18/5/2022","19/5/2022","20/5/2022","20/5/2022","21/5/2022","22/5/2022","23/5/2022","24/5/2022","25/5/2022","26/5/2022","27/5/2022"],"rain_total_mm":[0,0,0,0,0,0,0,0,0,0,0,0,0]}},"Rozzano, IT : Lombardy":{"dt":1653123003917,"data":{"dates":["16/5/2022","17/5/2022","18/5/2022","19/5/2022","20/5/2022","20/5/2022","21/5/2022","22/5/2022","23/5/2022","24/5/2022","25/5/2022","26/5/2022","27/5/2022"],"rain_total_mm":[0,0,0,0,0,0,0,0,3.66,0.97,1.77,5.39,0]}},"Londra, GB : England":{"dt":1653122995116,"data":{"dates":["16/5/2022","17/5/2022","18/5/2022","19/5/2022","20/5/2022","20/5/2022","21/5/2022","22/5/2022","23/5/2022","24/5/2022","25/5/2022","26/5/2022","27/5/2022"],"rain_total_mm":[0,0,0.36,0.27,5.31,4.46,0,0,0,0.72,0.62,0,0.31]}},"New York, US : New York":{"dt":1653122996059,"data":{"dates":["16/5/2022","17/5/2022","18/5/2022","19/5/2022","20/5/2022","20/5/2022","21/5/2022","22/5/2022","23/5/2022","24/5/2022","25/5/2022","26/5/2022","27/5/2022"],"rain_total_mm":[2.64,3.65,0,17.759999999999998,4.23,4.82,0,0.63,0.18,0,0,4.05,29.52]}},"Tokyo, JP":{"dt":1653122997880,"data":{"dates":["16/5/2022","17/5/2022","18/5/2022","19/5/2022","20/5/2022","21/5/2022","22/5/2022","23/5/2022","24/5/2022","25/5/2022","26/5/2022","27/5/2022","28/5/2022"],"rain_total_mm":[12.72,17.249999999999996,0,0,3.8000000000000003,4.24,0,2.02,0,0,0,0.14,0]}},"Romano Banco, IT : Lombardy":{"dt":1653122999908,"data":{"dates":["16/5/2022","17/5/2022","18/5/2022","19/5/2022","20/5/2022","20/5/2022","21/5/2022","22/5/2022","23/5/2022","24/5/2022","25/5/2022","26/5/2022","27/5/2022"],"rain_total_mm":[0,0,0,0,0,0,0,0,4.11,0.97,2.46,6,0]}},"Segrate, IT : Lombardy":{"dt":1653123001152,"data":{"dates":["16/5/2022","17/5/2022","18/5/2022","19/5/2022","20/5/2022","20/5/2022","21/5/2022","22/5/2022","23/5/2022","24/5/2022","25/5/2022","26/5/2022","27/5/2022"],"rain_total_mm":[0,0,0,0,0,0,0,0,5.12,1.95,2.16,5.61,0]}},"Caorle, IT : Veneto":{"dt":1653123002076,"data":{"dates":["16/5/2022","17/5/2022","18/5/2022","19/5/2022","20/5/2022","20/5/2022","21/5/2022","22/5/2022","23/5/2022","24/5/2022","25/5/2022","26/5/2022","27/5/2022"],"rain_total_mm":[11.68,0,0,0,0,0,0,0,1.59,0,0.74,0.16,2.76]}},"Venezia, IT : Veneto":{"dt":1653123002958,"data":{"dates":["16/5/2022","17/5/2022","18/5/2022","19/5/2022","20/5/2022","20/5/2022","21/5/2022","22/5/2022","23/5/2022","24/5/2022","25/5/2022","26/5/2022","27/5/2022"],"rain_total_mm":[21.37,0.32,5.859999999999999,0,0,0,0.11,1,1.94,0.12,0.84,0.37,1.56]}},"Pisa, IT : Tuscany":{"dt":1653123005181,"data":{"dates":["16/5/2022","17/5/2022","18/5/2022","19/5/2022","20/5/2022","20/5/2022","21/5/2022","22/5/2022","23/5/2022","24/5/2022","25/5/2022","26/5/2022","27/5/2022"],"rain_total_mm":[0,0,1,0,0,0,0,0,0,0,0,0.11,0]}},"Cremona, IT : Lombardy":{"dt":1653123006983,"data":{"dates":["16/5/2022","17/5/2022","18/5/2022","19/5/2022","20/5/2022","20/5/2022","21/5/2022","22/5/2022","23/5/2022","24/5/2022","25/5/2022","26/5/2022","27/5/2022"],"rain_total_mm":[0,0,0,0,0,0,0,1.76,1.27,1.67,0.16,3.46,0.11]}},"Gudo Gambaredo, IT : Lombardy":{"dt":1653123008808,"data":{"dates":["16/5/2022","17/5/2022","18/5/2022","19/5/2022","20/5/2022","20/5/2022","21/5/2022","22/5/2022","23/5/2022","24/5/2022","25/5/2022","26/5/2022","27/5/2022"],"rain_total_mm":[0,0,0,0,0,0,0,0,3.66,0.87,2.08,5.74,0]}},"Roma, IT : Lazio":{"dt":1653123010108,"data":{"dates":["16/5/2022","17/5/2022","18/5/2022","19/5/2022","20/5/2022","20/5/2022","21/5/2022","22/5/2022","23/5/2022","24/5/2022","25/5/2022","26/5/2022","27/5/2022"],"rain_total_mm":[0,0,0,0,0,0,0,0,0,0.66,0,0,0]}},"Napoli, IT : Campania":{"dt":1653123010994,"data":{"dates":["16/5/2022","17/5/2022","18/5/2022","19/5/2022","20/5/2022","20/5/2022","21/5/2022","22/5/2022","23/5/2022","24/5/2022","25/5/2022","26/5/2022","27/5/2022"],"rain_total_mm":[0,0,0,0,0,0,0,0,0,0,0,0,0]}},"Tampa, US : Florida":{"dt":1653123012843,"data":{"dates":["16/5/2022","17/5/2022","18/5/2022","19/5/2022","20/5/2022","20/5/2022","21/5/2022","22/5/2022","23/5/2022","24/5/2022","25/5/2022","26/5/2022","27/5/2022"],"rain_total_mm":[0,0,0,0,0.6,3.9,13.71,13.91,8.67,0.15,0.24,15.21,0]}},"Verona, IT : Veneto":{"dt":1653123015480,"data":{"dates":["16/5/2022","17/5/2022","18/5/2022","19/5/2022","20/5/2022","20/5/2022","21/5/2022","22/5/2022","23/5/2022","24/5/2022","25/5/2022","26/5/2022","27/5/2022"],"rain_total_mm":[0,0,0,0,0,0,0,3.32,0.4,0.87,1.13,5.15,0.19]}},"Trieste, IT : Friuli-Venezia Giulia":{"dt":1653123016381,"data":{"dates":["16/5/2022","17/5/2022","18/5/2022","19/5/2022","20/5/2022","20/5/2022","21/5/2022","22/5/2022","23/5/2022","24/5/2022","25/5/2022","26/5/2022","27/5/2022"],"rain_total_mm":[6.02,0,0,0,0,0,0,0,0.64,0,0,0,0]}},"Perugia, IT : Umbria":{"dt":1653123017284,"data":{"dates":["16/5/2022","17/5/2022","18/5/2022","19/5/2022","20/5/2022","20/5/2022","21/5/2022","22/5/2022","23/5/2022","24/5/2022","25/5/2022","26/5/2022","27/5/2022"],"rain_total_mm":[0,0,0,0,0,0,0,0,0,0,0,0,0]}},"Firenze, IT : Tuscany":{"dt":1653123018399,"data":{"dates":["16/5/2022","17/5/2022","18/5/2022","19/5/2022","20/5/2022","20/5/2022","21/5/2022","22/5/2022","23/5/2022","24/5/2022","25/5/2022","26/5/2022","27/5/2022"],"rain_total_mm":[0,0,0,0,0,0,0,0,0,0,0,0.12,0]}},"Brescia, IT : Lombardy":{"dt":1653123019253,"data":{"dates":["16/5/2022","17/5/2022","18/5/2022","19/5/2022","20/5/2022","20/5/2022","21/5/2022","22/5/2022","23/5/2022","24/5/2022","25/5/2022","26/5/2022","27/5/2022"],"rain_total_mm":[0,0,0,0,0,0,0,0.26,4.33,8.02,2.65,0,1.45]}}}