{"Milano, IT : Lombardy":{"dt":1653813472814,"data":{"dates":["24/5/2022","25/5/2022","26/5/2022","27/5/2022","28/5/2022","29/5/2022","30/5/2022","31/5/2022","1/6/2022","2/6/2022","3/6/2022","4/6/2022","5/6/2022"],"rain_total_mm":[72.72000000000001,8.159999999999998,0,0,89.5199999999999,2.62,0,0,0,0.37,5.57,4.63,2.11]}}}