{"Milano, IT : Lombardy":{"dt":1653813472814,"data":{"dates":["24/5/2022","25/5/2022","26/5/2022","27/5/2022","28/5/2022","29/5/2022","30/5/2022","31/5/2022","1/6/2022","2/6/2022","3/6/2022","4/6/2022","5/6/2022"],"rain_total_mm":[72.72000000000001,8.159999999999998,0,0,89.5199999999999,2.62,0,0,0,0.37,5.57,4.63,2.11]}},"Londra, GB : England":{"dt":1653814413018,"data":{"dates":["24/5/2022","25/5/2022","26/5/2022","27/5/2022","28/5/2022","29/5/2022","30/5/2022","31/5/2022","1/6/2022","2/6/2022","3/6/2022","4/6/2022","5/6/2022"],"rain_total_mm":[99.12000000000003,4.320000000000001,0,0,0,0.97,3.08,3.34,0,0,0,0,0]}},"Tokyo, JP":{"dt":1653814415508,"data":{"dates":["24/5/2022","25/5/2022","26/5/2022","27/5/2022","28/5/2022","29/5/2022","30/5/2022","31/5/2022","1/6/2022","2/6/2022","3/6/2022","4/6/2022","5/6/2022"],"rain_total_mm":[0,0,404.16000000000037,185.52000000000015,0,0,0,2.89,0,0,6.43,0,0]}},"New York, US : New York":{"dt":1653814417220,"data":{"dates":["24/5/2022","25/5/2022","26/5/2022","27/5/2022","28/5/2022","29/5/2022","30/5/2022","31/5/2022","1/6/2022","2/6/2022","3/6/2022","4/6/2022","5/6/2022"],"rain_total_mm":[12.239999999999997,0,0,24,36.239999999999974,0,0,0,2.43,10.51,0,0,0.27]}},"Buccinasco, IT : Lombardy":{"dt":1653814428688,"data":{"dates":["24/5/2022","25/5/2022","26/5/2022","27/5/2022","28/5/2022","29/5/2022","30/5/2022","31/5/2022","1/6/2022","2/6/2022","3/6/2022","4/6/2022","5/6/2022"],"rain_total_mm":[99.3599999999999,5.04,0,0,100.32000000000005,2.05,0,0,0,0.21,5.32,3.62,1.54]}},"Romano Banco, IT : Lombardy":{"dt":1653815674676,"data":{"dates":["24/5/2022","25/5/2022","26/5/2022","27/5/2022","28/5/2022","29/5/2022","30/5/2022","31/5/2022","1/6/2022","2/6/2022","3/6/2022","4/6/2022","5/6/2022"],"rain_total_mm":[87.11999999999999,2.8800000000000017,0,0,101.76000000000016,2.13,0,0,0,0.18,5.47,3.7,1.67]}}}