{"Milano, IT : Lombardy":{"dt":1653220267094,"data":{"dates":["17/5/2022","18/5/2022","19/5/2022","20/5/2022","21/5/2022","22/5/2022","23/5/2022","24/5/2022","25/5/2022","26/5/2022","27/5/2022","28/5/2022","29/5/2022"],"rain_total_mm":[0,0,0,0,0,1.14,5.19,10.56,7.93,8.39,0.84,1,11.7]}},"Assago, IT : Lombardy":{"dt":1653220268444,"data":{"dates":["17/5/2022","18/5/2022","19/5/2022","20/5/2022","21/5/2022","22/5/2022","23/5/2022","24/5/2022","25/5/2022","26/5/2022","27/5/2022","28/5/2022","29/5/2022"],"rain_total_mm":[0,0,0,0,0,1.35,3.82,9.17,7.09,9.67,1.12,0.97,10.73]}},"Miami, US : Florida":{"dt":1653220275492,"data":{"dates":["17/5/2022","18/5/2022","19/5/2022","20/5/2022","21/5/2022","22/5/2022","23/5/2022","24/5/2022","25/5/2022","26/5/2022","27/5/2022","28/5/2022","29/5/2022"],"rain_total_mm":[0,0,0,2.29,0,0,0.25,0,0.51,0.51,0.11,2.34,1.52]}},"Coachella, US : California":{"dt":1653220276767,"data":{"dates":["17/5/2022","18/5/2022","19/5/2022","20/5/2022","21/5/2022","22/5/2022","23/5/2022","24/5/2022","25/5/2022","26/5/2022","27/5/2022","28/5/2022","29/5/2022"],"rain_total_mm":[0,0,0,0,0,0,0,0,0,0,0,0,0]}},"Rozzano, IT : Lombardy":{"dt":1653220271695,"data":{"dates":["17/5/2022","18/5/2022","19/5/2022","20/5/2022","21/5/2022","22/5/2022","23/5/2022","24/5/2022","25/5/2022","26/5/2022","27/5/2022","28/5/2022","29/5/2022"],"rain_total_mm":[0,0,0,0,0,1.17,3.62,8.57,6.84,9.59,1.21,1.07,11.08]}},"Londra, GB : England":{"dt":1653220265857,"data":{"dates":["17/5/2022","18/5/2022","19/5/2022","20/5/2022","21/5/2022","22/5/2022","23/5/2022","24/5/2022","25/5/2022","26/5/2022","27/5/2022","28/5/2022","29/5/2022"],"rain_total_mm":[0,0.36,0.27,5.52,0,0,5.46,0.79,0.25,0,0,0,0]}},"New York, US : New York":{"dt":1653220266488,"data":{"dates":["17/5/2022","18/5/2022","19/5/2022","20/5/2022","21/5/2022","22/5/2022","23/5/2022","24/5/2022","25/5/2022","26/5/2022","27/5/2022","28/5/2022","29/5/2022"],"rain_total_mm":[3.65,0,17.759999999999998,4.23,0,0.76,0,0,0,0.2,6.21,0,0]}},"Tokyo, JP":{"dt":1653220267662,"data":{"dates":["17/5/2022","18/5/2022","19/5/2022","20/5/2022","21/5/2022","22/5/2022","23/5/2022","24/5/2022","25/5/2022","26/5/2022","27/5/2022","28/5/2022","29/5/2022"],"rain_total_mm":[17.249999999999996,0,0,3.8000000000000003,23.130000000000003,3.78,0.82,0,0,0.2,9.56,0,0]}},"Romano Banco, IT : Lombardy":{"dt":1653220269069,"data":{"dates":["17/5/2022","18/5/2022","19/5/2022","20/5/2022","21/5/2022","22/5/2022","23/5/2022","24/5/2022","25/5/2022","26/5/2022","27/5/2022","28/5/2022","29/5/2022"],"rain_total_mm":[0,0,0,0,0,1.55,3.94,9.71,7.35,9.85,1.06,0.89,10.29]}},"Segrate, IT : Lombardy":{"dt":1653220269707,"data":{"dates":["17/5/2022","18/5/2022","19/5/2022","20/5/2022","21/5/2022","22/5/2022","23/5/2022","24/5/2022","25/5/2022","26/5/2022","27/5/2022","28/5/2022","29/5/2022"],"rain_total_mm":[0,0,0,0,0,0.97,5.92,11.17,9.04,7.31,0.63,1.43,13.56]}},"Caorle, IT : Veneto":{"dt":1653220270466,"data":{"dates":["17/5/2022","18/5/2022","19/5/2022","20/5/2022","21/5/2022","22/5/2022","23/5/2022","24/5/2022","25/5/2022","26/5/2022","27/5/2022","28/5/2022","29/5/2022"],"rain_total_mm":[0,0,0,0,0,0,1.87,0.13,1.09,0,0,1.54,20.76]}},"Venezia, IT : Veneto":{"dt":1653220271112,"data":{"dates":["17/5/2022","18/5/2022","19/5/2022","20/5/2022","21/5/2022","22/5/2022","23/5/2022","24/5/2022","25/5/2022","26/5/2022","27/5/2022","28/5/2022","29/5/2022"],"rain_total_mm":[0.32,5.859999999999999,0,0,0,1.21,3.66,0.12,0.91,0.17,0,2.84,25.72]}},"Pisa, IT : Tuscany":{"dt":1653220272319,"data":{"dates":["17/5/2022","18/5/2022","19/5/2022","20/5/2022","21/5/2022","22/5/2022","23/5/2022","24/5/2022","25/5/2022","26/5/2022","27/5/2022","28/5/2022","29/5/2022"],"rain_total_mm":[0,1,0,0,0,0.28,0,0,0.11,0,0,3.26,2.53]}},"Cremona, IT : Lombardy":{"dt":1653220272916,"data":{"dates":["17/5/2022","18/5/2022","19/5/2022","20/5/2022","21/5/2022","22/5/2022","23/5/2022","24/5/2022","25/5/2022","26/5/2022","27/5/2022","28/5/2022","29/5/2022"],"rain_total_mm":[0,0,0,0,0,3.97,2.52,5,1.67,7.48,0.91,2.01,11.2]}},"Gudo Gambaredo, IT : Lombardy":{"dt":1653220273614,"data":{"dates":["17/5/2022","18/5/2022","19/5/2022","20/5/2022","21/5/2022","22/5/2022","23/5/2022","24/5/2022","25/5/2022","26/5/2022","27/5/2022","28/5/2022","29/5/2022"],"rain_total_mm":[0,0,0,0,0,1.41,3.55,8.84,6.97,10.05,1.27,0.96,10.62]}},"Roma, IT : Lazio":{"dt":1653220274215,"data":{"dates":["17/5/2022","18/5/2022","19/5/2022","20/5/2022","21/5/2022","22/5/2022","23/5/2022","24/5/2022","25/5/2022","26/5/2022","27/5/2022","28/5/2022","29/5/2022"],"rain_total_mm":[0,0,0,0,0,0,0,0,0,0,0.67,10.15,0.52]}},"Napoli, IT : Campania":{"dt":1653220274855,"data":{"dates":["17/5/2022","18/5/2022","19/5/2022","20/5/2022","21/5/2022","22/5/2022","23/5/2022","24/5/2022","25/5/2022","26/5/2022","27/5/2022","28/5/2022","29/5/2022"],"rain_total_mm":[0,0,0,0,0,0,0,0,0,0,0,2.63,0.63]}},"Tampa, US : Florida":{"dt":1653220276231,"data":{"dates":["17/5/2022","18/5/2022","19/5/2022","20/5/2022","21/5/2022","22/5/2022","23/5/2022","24/5/2022","25/5/2022","26/5/2022","27/5/2022","28/5/2022","29/5/2022"],"rain_total_mm":[0,0,0,0.6,0,31.32,6.1,3.22,0.52,10.32,7.01,1.2,2.96]}},"Verona, IT : Veneto":{"dt":1653220277484,"data":{"dates":["17/5/2022","18/5/2022","19/5/2022","20/5/2022","21/5/2022","22/5/2022","23/5/2022","24/5/2022","25/5/2022","26/5/2022","27/5/2022","28/5/2022","29/5/2022"],"rain_total_mm":[0,0,0,0,0,4.77,2.94,9.04,4.19,8.57,4.43,13.25,19.51]}},"Trieste, IT : Friuli-Venezia Giulia":{"dt":1653220278001,"data":{"dates":["17/5/2022","18/5/2022","19/5/2022","20/5/2022","21/5/2022","22/5/2022","23/5/2022","24/5/2022","25/5/2022","26/5/2022","27/5/2022","28/5/2022","29/5/2022"],"rain_total_mm":[0,0,0,0,0,0,4.12,0,1.06,0,0,2.26,11.01]}},"Perugia, IT : Umbria":{"dt":1653220278561,"data":{"dates":["17/5/2022","18/5/2022","19/5/2022","20/5/2022","21/5/2022","22/5/2022","23/5/2022","24/5/2022","25/5/2022","26/5/2022","27/5/2022","28/5/2022","29/5/2022"],"rain_total_mm":[0,0,0,0,0,0,0,0,0,0,16.03,1.15,2.31]}},"Firenze, IT : Tuscany":{"dt":1653220279127,"data":{"dates":["17/5/2022","18/5/2022","19/5/2022","20/5/2022","21/5/2022","22/5/2022","23/5/2022","24/5/2022","25/5/2022","26/5/2022","27/5/2022","28/5/2022","29/5/2022"],"rain_total_mm":[0,0,0,0,0,0,0,0.4,0,0,4.78,0.28,3.25]}},"Brescia, IT : Lombardy":{"dt":1653220279732,"data":{"dates":["17/5/2022","18/5/2022","19/5/2022","20/5/2022","21/5/2022","22/5/2022","23/5/2022","24/5/2022","25/5/2022","26/5/2022","27/5/2022","28/5/2022","29/5/2022"],"rain_total_mm":[0,0,0,0,0,7.91,4.21,12.23,5.82,5.03,3.85,9.87,5.56]}},"Cusago, IT : Lombardy":{"dt":1653220280501,"data":{"dates":["17/5/2022","18/5/2022","19/5/2022","20/5/2022","21/5/2022","22/5/2022","23/5/2022","24/5/2022","25/5/2022","26/5/2022","27/5/2022","28/5/2022","29/5/2022"],"rain_total_mm":[0,0,0,0,0,2.12,3.97,10.84,7.56,10.68,1.01,0.67,8.77]}}}