{"Milano, IT : Lombardy":{"dt":1653208839100,"data":{"dates":["17/5/2022","18/5/2022","19/5/2022","20/5/2022","21/5/2022","22/5/2022","23/5/2022","24/5/2022","25/5/2022","26/5/2022","27/5/2022","28/5/2022","29/5/2022"],"rain_total_mm":[0,0,0,0,0,1.14,5.19,10.56,7.93,8.39,0.84,1,11.7]}},"Assago, IT : Lombardy":{"dt":1653208840596,"data":{"dates":["17/5/2022","18/5/2022","19/5/2022","20/5/2022","21/5/2022","22/5/2022","23/5/2022","24/5/2022","25/5/2022","26/5/2022","27/5/2022","28/5/2022","29/5/2022"],"rain_total_mm":[0,0,0,0,0,1.35,3.82,9.17,7.09,9.67,1.12,0.97,10.73]}},"Miami, US : Florida":{"dt":1653208849102,"data":{"dates":["17/5/2022","18/5/2022","19/5/2022","20/5/2022","21/5/2022","22/5/2022","23/5/2022","24/5/2022","25/5/2022","26/5/2022","27/5/2022","28/5/2022","29/5/2022"],"rain_total_mm":[0,0,0,2.29,0,0,0.17,1.29,0.47,27.3,5.52,1.22,1.22]}},"Coachella, US : California":{"dt":1653208850731,"data":{"dates":["17/5/2022","18/5/2022","19/5/2022","20/5/2022","21/5/2022","22/5/2022","23/5/2022","24/5/2022","25/5/2022","26/5/2022","27/5/2022","28/5/2022","29/5/2022"],"rain_total_mm":[0,0,0,0,0,0,0,0,0,0,0,0,0]}},"Rozzano, IT : Lombardy":{"dt":1653208844370,"data":{"dates":["17/5/2022","18/5/2022","19/5/2022","20/5/2022","21/5/2022","22/5/2022","23/5/2022","24/5/2022","25/5/2022","26/5/2022","27/5/2022","28/5/2022","29/5/2022"],"rain_total_mm":[0,0,0,0,0,1.17,3.62,8.57,6.84,9.59,1.21,1.07,11.08]}},"Londra, GB : England":{"dt":1653208837628,"data":{"dates":["17/5/2022","18/5/2022","19/5/2022","20/5/2022","21/5/2022","22/5/2022","23/5/2022","24/5/2022","25/5/2022","26/5/2022","27/5/2022","28/5/2022","29/5/2022"],"rain_total_mm":[0,0.36,0.27,5.52,0,0,5.46,0.79,0.25,0,0,0,0]}},"New York, US : New York":{"dt":1653208838347,"data":{"dates":["17/5/2022","18/5/2022","19/5/2022","20/5/2022","21/5/2022","22/5/2022","23/5/2022","24/5/2022","25/5/2022","26/5/2022","27/5/2022","28/5/2022","29/5/2022"],"rain_total_mm":[3.65,0,17.759999999999998,4.23,0,1.09,0,0,0,0.2,6.21,0,0]}},"Tokyo, JP":{"dt":1653208839911,"data":{"dates":["17/5/2022","18/5/2022","19/5/2022","20/5/2022","21/5/2022","22/5/2022","23/5/2022","24/5/2022","25/5/2022","26/5/2022","27/5/2022","28/5/2022","29/5/2022"],"rain_total_mm":[17.249999999999996,0,0,3.8000000000000003,23.130000000000003,3.52,0.82,0,0,0.2,9.56,0,0]}},"Romano Banco, IT : Lombardy":{"dt":1653208841289,"data":{"dates":["17/5/2022","18/5/2022","19/5/2022","20/5/2022","21/5/2022","22/5/2022","23/5/2022","24/5/2022","25/5/2022","26/5/2022","27/5/2022","28/5/2022","29/5/2022"],"rain_total_mm":[0,0,0,0,0,1.55,3.94,9.71,7.35,9.85,1.06,0.89,10.29]}},"Segrate, IT : Lombardy":{"dt":1653208842102,"data":{"dates":["17/5/2022","18/5/2022","19/5/2022","20/5/2022","21/5/2022","22/5/2022","23/5/2022","24/5/2022","25/5/2022","26/5/2022","27/5/2022","28/5/2022","29/5/2022"],"rain_total_mm":[0,0,0,0,0,0.97,5.92,11.17,9.04,7.31,0.63,1.43,13.56]}},"Caorle, IT : Veneto":{"dt":1653208842869,"data":{"dates":["17/5/2022","18/5/2022","19/5/2022","20/5/2022","21/5/2022","22/5/2022","23/5/2022","24/5/2022","25/5/2022","26/5/2022","27/5/2022","28/5/2022","29/5/2022"],"rain_total_mm":[0,0,0,0,0,0,1.87,0.13,1.09,0,0,1.54,20.76]}},"Venezia, IT : Veneto":{"dt":1653208843610,"data":{"dates":["17/5/2022","18/5/2022","19/5/2022","20/5/2022","21/5/2022","22/5/2022","23/5/2022","24/5/2022","25/5/2022","26/5/2022","27/5/2022","28/5/2022","29/5/2022"],"rain_total_mm":[0.32,5.859999999999999,0,0,0,1.21,3.66,0.12,0.91,0.17,0,2.84,25.72]}},"Pisa, IT : Tuscany":{"dt":1653208845132,"data":{"dates":["17/5/2022","18/5/2022","19/5/2022","20/5/2022","21/5/2022","22/5/2022","23/5/2022","24/5/2022","25/5/2022","26/5/2022","27/5/2022","28/5/2022","29/5/2022"],"rain_total_mm":[0,1,0,0,0,0,0,0,0.88,0,32.41,0.12,1.06]}},"Cremona, IT : Lombardy":{"dt":1653208845872,"data":{"dates":["17/5/2022","18/5/2022","19/5/2022","20/5/2022","21/5/2022","22/5/2022","23/5/2022","24/5/2022","25/5/2022","26/5/2022","27/5/2022","28/5/2022","29/5/2022"],"rain_total_mm":[0,0,0,0,0,3.97,2.52,5,1.67,7.48,0.91,2.01,11.2]}},"Gudo Gambaredo, IT : Lombardy":{"dt":1653208846599,"data":{"dates":["17/5/2022","18/5/2022","19/5/2022","20/5/2022","21/5/2022","22/5/2022","23/5/2022","24/5/2022","25/5/2022","26/5/2022","27/5/2022","28/5/2022","29/5/2022"],"rain_total_mm":[0,0,0,0,0,1.41,3.55,8.84,6.97,10.05,1.27,0.96,10.62]}},"Roma, IT : Lazio":{"dt":1653208847340,"data":{"dates":["17/5/2022","18/5/2022","19/5/2022","20/5/2022","21/5/2022","22/5/2022","23/5/2022","24/5/2022","25/5/2022","26/5/2022","27/5/2022","28/5/2022","29/5/2022"],"rain_total_mm":[0,0,0,0,0,0,0,0,0,0,0.67,10.15,0.52]}},"Napoli, IT : Campania":{"dt":1653208848336,"data":{"dates":["17/5/2022","18/5/2022","19/5/2022","20/5/2022","21/5/2022","22/5/2022","23/5/2022","24/5/2022","25/5/2022","26/5/2022","27/5/2022","28/5/2022","29/5/2022"],"rain_total_mm":[0,0,0,0,0,0,0,0,0,0,0,15.45,0.28]}},"Tampa, US : Florida":{"dt":1653208849904,"data":{"dates":["17/5/2022","18/5/2022","19/5/2022","20/5/2022","21/5/2022","22/5/2022","23/5/2022","24/5/2022","25/5/2022","26/5/2022","27/5/2022","28/5/2022","29/5/2022"],"rain_total_mm":[0,0,0,0.6,0,31.32,6.1,3.22,0.52,10.32,7.01,1.2,2.96]}},"Verona, IT : Veneto":{"dt":1653208851460,"data":{"dates":["17/5/2022","18/5/2022","19/5/2022","20/5/2022","21/5/2022","22/5/2022","23/5/2022","24/5/2022","25/5/2022","26/5/2022","27/5/2022","28/5/2022","29/5/2022"],"rain_total_mm":[0,0,0,0,0,4.77,2.94,9.04,4.19,8.57,4.43,13.25,19.51]}},"Trieste, IT : Friuli-Venezia Giulia":{"dt":1653208852189,"data":{"dates":["17/5/2022","18/5/2022","19/5/2022","20/5/2022","21/5/2022","22/5/2022","23/5/2022","24/5/2022","25/5/2022","26/5/2022","27/5/2022","28/5/2022","29/5/2022"],"rain_total_mm":[0,0,0,0,0,0,4.12,0,1.06,0,0,2.26,11.01]}},"Perugia, IT : Umbria":{"dt":1653208852915,"data":{"dates":["17/5/2022","18/5/2022","19/5/2022","20/5/2022","21/5/2022","22/5/2022","23/5/2022","24/5/2022","25/5/2022","26/5/2022","27/5/2022","28/5/2022","29/5/2022"],"rain_total_mm":[0,0,0,0,0,0,0,0,0,0,16.03,1.15,2.31]}},"Firenze, IT : Tuscany":{"dt":1653208853614,"data":{"dates":["17/5/2022","18/5/2022","19/5/2022","20/5/2022","21/5/2022","22/5/2022","23/5/2022","24/5/2022","25/5/2022","26/5/2022","27/5/2022","28/5/2022","29/5/2022"],"rain_total_mm":[0,0,0,0,0,0,0,0.4,0,0,4.78,0.28,3.25]}},"Brescia, IT : Lombardy":{"dt":1653208854324,"data":{"dates":["17/5/2022","18/5/2022","19/5/2022","20/5/2022","21/5/2022","22/5/2022","23/5/2022","24/5/2022","25/5/2022","26/5/2022","27/5/2022","28/5/2022","29/5/2022"],"rain_total_mm":[0,0,0,0,0,5.53,4.28,14.3,6,12.24,1.52,11.29,14.41]}}}