{"Milano, IT : Lombardy":{"dt":1655384778259,"data":{"dates":["11/6/2022","12/6/2022","13/6/2022","14/6/2022","15/6/2022","16/6/2022","17/6/2022","18/6/2022","19/6/2022","20/6/2022","21/6/2022","22/6/2022","23/6/2022"],"rain_total_mm":[0,0,0.42,0,0,0,0,0,0,0.32,3.07,0.15,0]}},"Londra, GB : England":{"dt":1655384777278,"data":{"dates":["11/6/2022","12/6/2022","13/6/2022","14/6/2022","15/6/2022","16/6/2022","17/6/2022","18/6/2022","19/6/2022","20/6/2022","21/6/2022","22/6/2022","23/6/2022"],"rain_total_mm":[0,0,0,0,0,0,0,0.31,0,0,0,0,0]}},"Tokyo, JP":{"dt":1655384801337,"data":{"dates":["11/6/2022","12/6/2022","13/6/2022","14/6/2022","15/6/2022","16/6/2022","17/6/2022","18/6/2022","19/6/2022","20/6/2022","21/6/2022","22/6/2022","23/6/2022"],"rain_total_mm":[33.75,0.42,2.54,30.740000000000002,1.15,0,0,0,0,0,1.44,0,0]}},"New York, US : New York":{"dt":1655384800374,"data":{"dates":["11/6/2022","12/6/2022","13/6/2022","15/6/2022","16/6/2022","17/6/2022","18/6/2022","19/6/2022","20/6/2022","21/6/2022","22/6/2022","23/6/2022"],"rain_total_mm":[0,3.4699999999999998,0,0,3.61,3.65,0,0,0,1.57,4.06,2.97]}},"Buccinasco, IT : Lombardy":{"dt":1655384804137,"data":{"dates":["11/6/2022","12/6/2022","13/6/2022","14/6/2022","15/6/2022","16/6/2022","17/6/2022","18/6/2022","19/6/2022","20/6/2022","21/6/2022","22/6/2022","23/6/2022"],"rain_total_mm":[0,0,0,0,1.15,0,0.11,0,0,0.13,2.83,0.15,0]}},"Romano Banco, IT : Lombardy":{"dt":1655384805043,"data":{"dates":["11/6/2022","12/6/2022","13/6/2022","14/6/2022","15/6/2022","16/6/2022","17/6/2022","18/6/2022","19/6/2022","20/6/2022","21/6/2022","22/6/2022","23/6/2022"],"rain_total_mm":[0,0,0.13,0,0.75,0,0.21,0,0,0.15,3.02,0.16,0]}},"Assago, IT : Lombardy":{"dt":1655384802329,"data":{"dates":["11/6/2022","12/6/2022","13/6/2022","14/6/2022","15/6/2022","16/6/2022","17/6/2022","18/6/2022","19/6/2022","20/6/2022","21/6/2022","22/6/2022","23/6/2022"],"rain_total_mm":[0,0,0,0,1.33,0,0,0,0,0.16,2.81,0.13,0]}},"Cusago, IT : Lombardy":{"dt":1655384803220,"data":{"dates":["11/6/2022","12/6/2022","13/6/2022","14/6/2022","15/6/2022","16/6/2022","17/6/2022","18/6/2022","19/6/2022","20/6/2022","21/6/2022","22/6/2022","23/6/2022"],"rain_total_mm":[0,0,1.33,0,0.49,0,0.33,0,0,0.1,3.24,0.23,0]}},"Miami, US : Florida":{"dt":1655384806195,"data":{"dates":["11/6/2022","12/6/2022","13/6/2022","14/6/2022","15/6/2022","16/6/2022","17/6/2022","18/6/2022","19/6/2022","20/6/2022","21/6/2022","22/6/2022","23/6/2022"],"rain_total_mm":[0,0,3.65,0,0,0,2.71,0.78,9.37,7.2,0.42,2.1,0.54]}}}