{"Milano, IT : Lombardy":{"dt":1653898071798,"data":{"dates":["25/5/2022","26/5/2022","27/5/2022","28/5/2022","29/5/2022","30/5/2022","31/5/2022","1/6/2022","2/6/2022","3/6/2022","4/6/2022","5/6/2022","6/6/2022"],"rain_total_mm":[0.3,0,0,3.06,8.72,0,0,0,0.39,0.61,0,0.39,3.5]}},"Londra, GB : England":{"dt":1653898071002,"data":{"dates":["25/5/2022","26/5/2022","27/5/2022","28/5/2022","29/5/2022","30/5/2022","31/5/2022","1/6/2022","2/6/2022","3/6/2022","4/6/2022","5/6/2022","6/6/2022"],"rain_total_mm":[0.18,0,0,0,0,3.62,3.48,0,0,0,0,0,0]}},"Tokyo, JP":{"dt":1653898073421,"data":{"dates":["25/5/2022","26/5/2022","27/5/2022","28/5/2022","29/5/2022","30/5/2022","31/5/2022","1/6/2022","2/6/2022","3/6/2022","4/6/2022","5/6/2022","6/6/2022"],"rain_total_mm":[0,16.84,7.73,0,0,0,11.02,0.11,0.15,5.67,2.64,6.28,3.13]}},"New York, US : New York":{"dt":1653898072550,"data":{"dates":["25/5/2022","26/5/2022","27/5/2022","28/5/2022","29/5/2022","30/5/2022","31/5/2022","1/6/2022","2/6/2022","3/6/2022","4/6/2022","5/6/2022","6/6/2022"],"rain_total_mm":[0,0,1,1.51,0,0,0.59,13.85,2.7,0,0,2.28,0]}},"Buccinasco, IT : Lombardy":{"dt":1653898075971,"data":{"dates":["25/5/2022","26/5/2022","27/5/2022","28/5/2022","29/5/2022","30/5/2022","31/5/2022","1/6/2022","2/6/2022","3/6/2022","4/6/2022","5/6/2022","6/6/2022"],"rain_total_mm":[0.21,0,0,4.180000000000001,2.89,0,0,0,0.75,0.57,0,0.35,3.28]}},"Romano Banco, IT : Lombardy":{"dt":1653898076759,"data":{"dates":["25/5/2022","26/5/2022","27/5/2022","28/5/2022","29/5/2022","30/5/2022","31/5/2022","1/6/2022","2/6/2022","3/6/2022","4/6/2022","5/6/2022","6/6/2022"],"rain_total_mm":[0.12,0,0,4.24,5.3,0,0,0,0.77,0.6,0,0.38,3.43]}},"Assago, IT : Lombardy":{"dt":1653898074215,"data":{"dates":["25/5/2022","26/5/2022","27/5/2022","28/5/2022","29/5/2022","30/5/2022","31/5/2022","1/6/2022","2/6/2022","3/6/2022","4/6/2022","5/6/2022","6/6/2022"],"rain_total_mm":[0.21,0,0,6.790000000000001,3.8600000000000003,0,0,0,0.6,0.56,0,0.33,3.17]}},"Cusago, IT : Lombardy":{"dt":1653898075144,"data":{"dates":["25/5/2022","26/5/2022","27/5/2022","28/5/2022","29/5/2022","30/5/2022","31/5/2022","1/6/2022","2/6/2022","3/6/2022","4/6/2022","5/6/2022","6/6/2022"],"rain_total_mm":[0.12,0,0,1.9,6.88,0,0,0,1.3,0.69,0.12,0.64,4.07]}}}